                  epoch,         train/box_loss,        train/pose_loss,        train/kobj_loss,         train/cls_loss,         train/dfl_loss,   metrics/precision(B),      metrics/recall(B),       metrics/mAP50(B),    metrics/mAP50-95(B),   metrics/precision(P),      metrics/recall(P),       metrics/mAP50(P),    metrics/mAP50-95(P),           val/box_loss,          val/pose_loss,          val/kobj_loss,           val/cls_loss,           val/dfl_loss,                 lr/pg0,                 lr/pg1,                 lr/pg2
                      1,                  2.855,                 3.0018,                0.67839,                 3.3966,                 2.7941,                      0,                      0,                      0,                      0,                      0,                      0,                      0,                      0,                  6.441,                 5.0353,                0.84924,                 7.6255,                 8.4863,                0.00032,                0.00032,                0.00032
                      2,                 1.1172,                0.87579,                0.55734,                 1.0191,                 1.3135,                0.00823,                0.13333,                0.00507,                0.00128,                0.01029,                0.16667,                0.00781,                0.00083,                 4.4977,                 7.6683,                0.30773,                 331.12,                 12.311,             0.00065673,             0.00065673,             0.00065673
                      3,                0.95278,                0.49534,                0.52167,                0.84464,                 1.2308,                0.01404,                      1,                0.01859,                0.00736,                0.00608,                0.43333,                0.00568,                0.00075,                 2.8462,                 11.891,                 0.7391,                    inf,                 22.565,              0.0009901,              0.0009901,              0.0009901
                      4,                 1.0381,                0.48997,                0.43837,                0.82499,                 1.2685,                0.00546,                0.63333,                0.01651,                0.00215,                  0.009,                      1,                0.00974,                0.00718,                 4.0156,                     12,                0.13073,                    inf,                  52.03,              0.0013201,              0.0013201,              0.0013201
                      5,                 1.1341,                0.37783,                 0.3841,                 0.9106,                 1.3368,                0.01145,                      1,                0.01311,                0.00565,                0.01145,                      1,                0.01267,                0.00995,                 2.4892,                 8.0189,                 1.9894,                    inf,                 29.857,              0.0016467,              0.0016467,              0.0016467
                      6,                0.93348,                0.36428,                0.36065,                0.74404,                 1.2118,                0.01582,                    0.7,                0.01327,                0.00567,                0.13158,                0.33333,                0.13357,                 0.0645,                 2.8736,                0.49462,                0.59928,                 73.053,                 3.4341,              0.0019505,              0.0019505,              0.0019505
                      7,                0.85716,                0.43502,                0.34583,                0.73384,                 1.1595,                0.01998,                0.83333,                0.01971,                0.00548,                0.01872,                0.76667,                0.01736,                0.00492,                  2.858,                 9.9941,                0.06902,                 248.03,                 8.2624,              0.0019505,              0.0019505,              0.0019505
                      8,                0.84485,                0.27588,                0.29259,                0.67411,                 1.1291,                      1,                      1,                  0.995,                0.72297,                      1,                      1,                  0.995,                0.73548,                0.89356,                 1.8411,                0.14915,                 6.5236,                  1.354,              0.0019406,              0.0019406,              0.0019406
                      9,                0.83688,                0.34761,                0.29187,                0.64752,                  1.113,                0.03573,                0.93333,                0.06433,                0.01344,                 0.0043,                0.66667,                 0.0038,                0.00038,                 2.6703,                 11.985,                0.58581,                   83.6,                 6.5431,              0.0019307,              0.0019307,              0.0019307
                     10,                0.74746,                0.29814,                0.29047,                0.60326,                 1.0693,                0.05192,                    0.9,                0.07383,                0.01908,                0.00928,                    0.7,                0.00892,                0.00147,                 2.9334,                 11.971,                 0.6303,                 112.12,                 6.8381,              0.0019208,              0.0019208,              0.0019208
                     11,                0.75839,                0.18514,                0.23965,                0.60311,                 1.0713,                0.05192,                    0.9,                0.07383,                0.01908,                0.00928,                    0.7,                0.00892,                0.00147,                 3.3767,                 11.456,                0.34124,                  22.27,                 11.781,              0.0019109,              0.0019109,              0.0019109
                     12,                0.70738,                0.23915,                0.21042,                0.58139,                 1.0648,                0.45312,                0.96663,                0.44943,                0.34824,                0.01912,                      1,                0.02022,                 0.0058,                 1.0033,                 9.1681,                0.41752,                 4.9365,                  1.417,               0.001901,               0.001901,               0.001901
                     13,                0.63457,                0.20305,                0.20324,                0.52478,                 1.0243,                0.98575,                      1,                  0.995,                0.77131,                0.98575,                      1,                  0.995,                  0.995,                0.82159,                0.30471,                0.32525,                 1.4383,                 1.0892,              0.0018911,              0.0018911,              0.0018911
                     14,                0.59345,                0.15134,                0.14511,                0.48104,                 1.0029,                0.95088,                      1,                0.99177,                0.86407,                0.85546,                    0.9,                0.82772,                0.81958,                0.64335,                 1.5099,                0.08123,                0.66838,                  1.018,              0.0018812,              0.0018812,              0.0018812
                     15,                0.60194,                 0.2304,                 0.2069,                0.47979,                 1.0062,                0.42983,                0.95502,                0.53681,                0.33146,                0.42983,                0.95502,                0.53681,                0.53222,                 1.4562,                0.12628,                0.48101,                 1.4828,                 1.5697,              0.0018713,              0.0018713,              0.0018713
                     16,                0.63366,                0.17316,                0.13982,                0.48494,                0.99632,                0.99535,                      1,                  0.995,                0.89744,                0.99535,                      1,                  0.995,                  0.995,                0.61644,                0.12944,                0.03314,                0.58129,                0.99195,              0.0018614,              0.0018614,              0.0018614
                     17,                0.58451,                0.15677,                0.13453,                0.46226,                0.99845,                0.99508,                      1,                  0.995,                0.89402,                0.99508,                      1,                  0.995,                0.95982,                0.62768,                0.50589,                0.02907,                 1.0188,                0.97607,              0.0018515,              0.0018515,              0.0018515
                     18,                0.54179,                0.16078,                0.09281,                0.43908,                0.97476,                0.98956,                      1,                  0.995,                0.90593,                0.95658,                0.96667,                0.96074,                0.92696,                0.48509,                0.58224,                0.02214,                0.88653,                 0.9602,              0.0018416,              0.0018416,              0.0018416
                     19,                0.53809,                0.12039,                0.10631,                0.43285,                0.97529,                0.99584,                      1,                  0.995,                0.83869,                0.09962,                    0.1,                0.01416,                0.00425,                0.55978,                 7.8755,                0.01907,                0.67164,                0.97081,              0.0018317,              0.0018317,              0.0018317
                     20,                0.55507,                0.16782,                0.12181,                0.45816,                0.98931,                 0.9976,                      1,                  0.995,                0.87395,                 0.9976,                      1,                  0.995,                  0.995,                0.52846,                0.03815,                0.00456,                 0.4898,                0.95157,              0.0018218,              0.0018218,              0.0018218
                     21,                0.56694,                0.14647,                0.10518,                0.43531,                 0.9973,                0.99815,                      1,                  0.995,                0.93455,                0.99815,                      1,                  0.995,                  0.995,                0.51653,                0.05634,                0.01116,                0.42521,                0.92547,              0.0018119,              0.0018119,              0.0018119
                     22,                0.53352,                0.15541,                0.09271,                0.43232,                0.96136,                0.98516,                      1,                  0.995,                 0.8898,                0.98516,                      1,                  0.995,                  0.995,                0.58866,                0.66684,                0.00484,                 1.1493,                0.95673,               0.001802,               0.001802,               0.001802
                     23,                0.51803,                0.15075,                0.11987,                0.41422,                0.94987,                0.99536,                      1,                  0.995,                0.85216,                0.99536,                      1,                  0.995,                  0.995,                0.60105,                0.13956,                0.00269,                0.52132,                0.94369,              0.0017921,              0.0017921,              0.0017921
                     24,                0.53882,                0.15765,                0.10697,                0.42928,                0.97013,                0.97745,                      1,                  0.995,                0.89579,                0.97745,                      1,                  0.995,                  0.995,                0.48467,                0.09456,                0.00491,                0.69345,                 0.9237,              0.0017822,              0.0017822,              0.0017822
                     25,                0.49838,                0.17643,                0.08061,                0.40844,                0.96479,                0.98613,                      1,                  0.995,                0.88006,                0.92011,                0.93333,                0.90443,                0.89398,                0.46412,                  0.223,                0.00384,                0.46604,                0.92834,              0.0017723,              0.0017723,              0.0017723
                     26,                 0.4778,                0.14428,                0.10838,                0.37942,                0.94094,                0.87665,                    0.2,                0.21062,                0.19474,                0.87665,                    0.2,                0.28345,                 0.2513,                 1.8959,                 1.1632,                0.06161,                 4.0615,                 1.7887,              0.0017624,              0.0017624,              0.0017624
                     27,                0.49851,                0.14657,                0.13387,                0.40023,                0.95557,                 0.9982,                      1,                  0.995,                0.89802,                 0.9982,                      1,                  0.995,                  0.995,                0.42184,                 0.0421,                 0.0805,                0.31754,                 0.9064,              0.0017525,              0.0017525,              0.0017525
                     28,                0.50983,                0.09215,                0.08001,                0.39755,                0.95799,                0.99831,                      1,                  0.995,                0.94642,                0.99831,                      1,                  0.995,                  0.995,                0.41391,                0.03053,                 0.0243,                0.33713,                0.89663,              0.0017426,              0.0017426,              0.0017426
                     29,                 0.4831,                0.11318,                0.08547,                0.38475,                0.94237,                0.99778,                      1,                  0.995,                0.87761,                0.99778,                      1,                  0.995,                  0.995,                0.52179,                0.02734,                 0.0245,                0.52666,                0.92667,              0.0017327,              0.0017327,              0.0017327
                     30,                 0.4883,                0.11817,                0.06686,                0.37606,                 0.9502,                      1,                      1,                  0.995,                0.88249,                      1,                      1,                  0.995,                  0.995,                0.65014,                0.13786,                0.01103,                0.55673,                0.98349,              0.0017228,              0.0017228,              0.0017228
                     31,                0.50368,                0.13437,                0.06424,                0.38834,                0.95001,                0.99828,                      1,                  0.995,                0.94971,                0.99828,                      1,                  0.995,                  0.995,                0.49504,                0.05777,                0.00719,                0.33475,                0.91956,              0.0017129,              0.0017129,              0.0017129
                     32,                 0.4785,                0.12644,                0.08234,                0.40335,                0.93363,                0.99827,                      1,                  0.995,                0.87638,                0.99827,                      1,                  0.995,                  0.995,                0.49881,                0.10888,                 0.0048,                0.35545,                0.91281,               0.001703,               0.001703,               0.001703
                     33,                0.48256,                0.09632,                0.08861,                0.37273,                0.93653,                0.99819,                      1,                  0.995,                 0.9217,                0.99819,                      1,                  0.995,                  0.995,                0.44133,                0.10169,                0.01971,                0.31318,                0.90436,              0.0016931,              0.0016931,              0.0016931
                     34,                0.49688,                0.06731,                0.06998,                0.38415,                 0.9358,                0.99767,                      1,                  0.995,                0.87274,                0.99767,                      1,                  0.995,                  0.995,                0.44594,                0.02492,                0.01637,                 0.2895,                 0.9044,              0.0016832,              0.0016832,              0.0016832
                     35,                0.46113,                0.07911,                0.09634,                0.36858,                0.92259,                0.99812,                      1,                  0.995,                0.89815,                0.99812,                      1,                  0.995,                  0.995,                0.40539,                0.10101,                0.00698,                0.30989,                0.93767,              0.0016733,              0.0016733,              0.0016733
                     36,                0.44727,                0.10704,                0.08471,                0.35801,                0.94287,                0.99812,                      1,                  0.995,                0.89455,                0.99812,                      1,                  0.995,                  0.995,                0.49574,                0.01855,                 0.0012,                0.33442,                0.92528,              0.0016634,              0.0016634,              0.0016634
                     37,                0.45417,                0.09889,                0.05518,                0.35457,                0.95042,                0.99824,                      1,                  0.995,                0.97441,                0.99824,                      1,                  0.995,                  0.995,                0.37885,                 0.0726,                0.00074,                0.30618,                0.90753,              0.0016535,              0.0016535,              0.0016535
                     38,                0.44895,                0.10878,                0.07802,                0.35047,                0.92913,                0.99574,                      1,                  0.995,                0.90629,                0.99574,                      1,                  0.995,                  0.995,                0.43667,                0.10739,                0.00244,                0.38115,                0.90342,              0.0016436,              0.0016436,              0.0016436
                     39,                 0.4485,                0.10505,                0.06833,                 0.3473,                0.92908,                0.96953,                      1,                  0.995,                0.93689,                0.96953,                      1,                  0.995,                  0.995,                0.33156,                0.04487,                0.00508,                0.33973,                0.88451,              0.0016337,              0.0016337,              0.0016337
                     40,                0.45028,                0.08395,                0.07746,                0.34175,                0.92961,                0.99359,                      1,                  0.995,                 0.9616,                0.99359,                      1,                  0.995,                  0.995,                0.30323,                0.08452,                0.03262,                 0.2544,                 0.8785,              0.0016238,              0.0016238,              0.0016238
                     41,                0.42468,                0.08303,                0.07017,                0.33465,                0.92109,                0.98974,                      1,                  0.995,                 0.8862,                0.98974,                      1,                  0.995,                  0.995,                0.51242,                0.05081,                0.00433,                0.32612,                0.91081,              0.0016139,              0.0016139,              0.0016139
                     42,                0.43119,                0.05679,                0.07228,                0.34116,                 0.9257,                0.99813,                      1,                  0.995,                0.92426,                0.99813,                      1,                  0.995,                  0.995,                0.44004,                0.09355,                0.00873,                0.30604,                0.90613,               0.001604,               0.001604,               0.001604
                     43,                0.40986,                0.08111,                0.04497,                0.34279,                0.91848,                      1,                      1,                  0.995,                0.92408,                      1,                      1,                  0.995,                  0.995,                 0.4616,                0.01688,                0.00314,                0.29594,                0.91158,              0.0015941,              0.0015941,              0.0015941
                     44,                0.44333,                0.08387,                0.06415,                0.35343,                 0.9252,                      1,                      1,                  0.995,                0.92806,                      1,                      1,                  0.995,                  0.995,                0.34503,                0.03295,                0.02191,                0.24449,                0.89698,              0.0015842,              0.0015842,              0.0015842
                     45,                0.43046,                0.08227,                0.07871,                0.34383,                0.90874,                0.99827,                      1,                  0.995,                0.95195,                0.99827,                      1,                  0.995,                  0.995,                0.38229,                 0.0207,                0.01193,                0.32907,                0.90187,              0.0015743,              0.0015743,              0.0015743
                     46,                0.44723,                 0.0628,                0.06814,                0.35096,                0.92571,                0.99826,                      1,                  0.995,                0.95531,                0.99826,                      1,                  0.995,                0.91786,                0.45207,                0.34093,                0.03092,                0.32582,                0.90449,              0.0015644,              0.0015644,              0.0015644
                     47,                0.44794,                0.06933,                0.06347,                0.35052,                0.92863,                0.99803,                      1,                  0.995,                 0.9369,                0.99803,                      1,                  0.995,                  0.995,                0.36976,                0.03042,                0.00577,                0.25652,                0.90204,              0.0015545,              0.0015545,              0.0015545
                     48,                0.49276,                 0.0583,                0.08169,                0.36369,                0.92708,                0.99821,                      1,                  0.995,                 0.9525,                0.99821,                      1,                  0.995,                  0.995,                0.32919,                0.01253,                0.00302,                0.24625,                0.88355,              0.0015446,              0.0015446,              0.0015446
                     49,                0.44241,                0.05325,                0.05523,                0.33283,                0.92488,                0.99816,                      1,                  0.995,                0.95143,                0.99816,                      1,                  0.995,                  0.995,                0.34534,                0.05998,                0.00379,                0.27964,                0.88849,              0.0015347,              0.0015347,              0.0015347
                     50,                0.42217,                0.05422,                0.04594,                0.32614,                0.91418,                0.99821,                      1,                  0.995,                0.95319,                0.99821,                      1,                  0.995,                  0.995,                0.35568,                0.01335,                0.00386,                0.24604,                0.89139,              0.0015248,              0.0015248,              0.0015248
                     51,                0.41155,                0.09444,                0.07026,                0.32675,                0.90782,                0.99819,                      1,                  0.995,                0.93785,                0.99819,                      1,                  0.995,                  0.995,                0.48187,                0.03825,                0.00831,                0.35095,                0.90405,              0.0015149,              0.0015149,              0.0015149
                     52,                0.40555,                0.06119,                0.05476,                0.33712,                0.90197,                0.99825,                      1,                  0.995,                0.94712,                0.99825,                      1,                  0.995,                  0.995,                0.35986,                0.06005,                0.00508,                0.25745,                0.89207,               0.001505,               0.001505,               0.001505
                     53,                0.39048,                0.04752,                0.05413,                0.31856,                0.90121,                0.99824,                      1,                  0.995,                0.96438,                0.99824,                      1,                  0.995,                  0.995,                0.31677,                0.01584,                0.00598,                0.28215,                0.87937,              0.0014951,              0.0014951,              0.0014951
                     54,                0.41544,                0.05811,                0.05295,                0.33474,                0.92022,                0.99822,                      1,                  0.995,                0.90421,                0.99822,                      1,                  0.995,                  0.995,                0.53353,                0.05298,                 0.0227,                0.35085,                0.91815,              0.0014852,              0.0014852,              0.0014852
                     55,                0.39133,                0.08396,                0.04012,                  0.313,                0.90406,                0.99823,                      1,                  0.995,                0.85484,                0.99823,                      1,                  0.995,                  0.995,                0.75055,                0.05798,                0.00853,                0.35924,                0.96234,              0.0014753,              0.0014753,              0.0014753
                     56,                0.45429,                0.09951,                0.05285,                0.33226,                0.92899,                 0.9976,                      1,                  0.995,                 0.9587,                 0.9976,                      1,                  0.995,                  0.995,                0.30429,                 0.0267,                0.00254,                0.27855,                0.88531,              0.0014654,              0.0014654,              0.0014654
                     57,                0.44572,                0.07332,                0.06624,                0.33058,                0.92038,                0.99722,                      1,                  0.995,                0.94537,                 0.8979,                    0.9,                0.90034,                0.89522,                0.38321,                0.97859,                0.00331,                0.28005,                0.89517,              0.0014555,              0.0014555,              0.0014555
                     58,                0.43862,                0.04967,                 0.0456,                0.32897,                0.92075,                0.99655,                      1,                  0.995,                0.97193,                0.99655,                      1,                  0.995,                  0.995,                0.36158,                0.02451,                 0.0057,                0.32539,                0.89299,              0.0014456,              0.0014456,              0.0014456
                     59,                0.38353,                0.09472,                0.07622,                0.30372,                0.89571,                0.99819,                      1,                  0.995,                0.86025,                0.99819,                      1,                  0.995,                  0.995,                0.68355,                0.04449,                0.00592,                0.37749,                0.94602,              0.0014357,              0.0014357,              0.0014357
                     60,                0.43394,                0.07287,                 0.0885,                0.33543,                0.92612,                0.99801,                      1,                  0.995,                0.87402,                0.99801,                      1,                  0.995,                  0.995,                0.61997,                0.06974,                0.01608,                0.39354,                0.93685,              0.0014258,              0.0014258,              0.0014258
                     61,                0.39587,                0.10924,                0.06408,                 0.3219,                0.90909,                 0.9982,                      1,                  0.995,                0.95828,                 0.9982,                      1,                  0.995,                  0.995,                0.32879,                0.01981,                0.00367,                0.24881,                0.88329,              0.0014159,              0.0014159,              0.0014159
                     62,                0.40956,                0.08028,                0.06062,                0.32254,                0.90481,                0.99822,                      1,                  0.995,                0.91789,                0.99822,                      1,                  0.995,                  0.995,                0.55189,                0.01887,                0.00496,                0.42315,                0.93958,               0.001406,               0.001406,               0.001406
                     63,                0.39974,                0.05394,                0.04877,                0.31764,                0.91309,                0.99816,                      1,                  0.995,                0.84312,                0.99816,                      1,                  0.995,                  0.995,                0.73308,                0.01563,                0.00298,                0.36576,                0.97202,              0.0013961,              0.0013961,              0.0013961
                     64,                0.43171,                0.04614,                 0.0545,                0.32842,                0.91902,                0.99816,                      1,                  0.995,                0.91846,                0.99816,                      1,                  0.995,                  0.995,                0.37775,                0.01492,                0.01348,                0.24671,                0.89911,              0.0013862,              0.0013862,              0.0013862
                     65,                0.41401,                0.04693,                0.05185,                0.31221,                 0.9177,                0.99822,                      1,                  0.995,                0.95821,                0.99822,                      1,                  0.995,                  0.995,                0.36956,                0.03245,                0.00455,                0.27512,                0.90889,              0.0013763,              0.0013763,              0.0013763
                     66,                0.41529,                0.06619,                0.03658,                0.31654,                0.92425,                0.99825,                      1,                  0.995,                0.95255,                0.99825,                      1,                  0.995,                  0.995,                0.33334,                 0.0331,                0.00255,                0.23315,                0.88425,              0.0013664,              0.0013664,              0.0013664
                     67,                0.38824,                 0.0456,                0.05127,                0.30138,                 0.9025,                0.99819,                      1,                  0.995,                0.96554,                0.99819,                      1,                  0.995,                0.99086,                0.34523,                0.08136,                0.00251,                0.25741,                0.88506,              0.0013565,              0.0013565,              0.0013565
                     68,                0.38703,                0.03134,                0.04432,                0.30542,                0.90359,                0.99801,                      1,                  0.995,                0.95492,                0.99801,                      1,                  0.995,                  0.995,                0.30608,                0.01063,                0.00302,                0.23772,                0.88398,              0.0013466,              0.0013466,              0.0013466
                     69,                0.36523,                0.04819,                0.05179,                0.29111,                0.89331,                0.99821,                      1,                  0.995,                0.96534,                0.99821,                      1,                  0.995,                  0.995,                0.29175,                0.00752,                0.00395,                0.21744,                0.87502,              0.0013367,              0.0013367,              0.0013367
                     70,                0.38257,                0.05488,                0.04654,                0.30353,                0.90334,                0.99821,                      1,                  0.995,                0.94216,                0.99821,                      1,                  0.995,                  0.995,                0.31261,                0.00712,                0.00217,                0.22484,                0.88083,              0.0013268,              0.0013268,              0.0013268
                     71,                0.38791,                0.05417,                0.05799,                0.30809,                0.91024,                0.99812,                      1,                  0.995,                0.95479,                0.99812,                      1,                  0.995,                  0.995,                0.35471,                0.01089,                0.00184,                0.23327,                0.89481,              0.0013169,              0.0013169,              0.0013169
                     72,                0.39255,                0.02966,                0.05479,                0.29851,                0.91368,                0.99802,                      1,                  0.995,                0.93774,                0.99802,                      1,                  0.995,                  0.995,                 0.3052,                0.00514,                0.00117,                0.22538,                0.88819,               0.001307,               0.001307,               0.001307
                     73,                0.36069,                0.04122,                0.04847,                0.29122,                0.89411,                0.99821,                      1,                  0.995,                 0.9671,                0.99821,                      1,                  0.995,                  0.995,                0.30569,                0.00848,                0.00102,                0.24892,                0.88389,              0.0012971,              0.0012971,              0.0012971
                     74,                0.36159,                0.04533,                0.03446,                0.28233,                0.90303,                0.99821,                      1,                  0.995,                0.95765,                0.99821,                      1,                  0.995,                  0.995,                0.32834,                0.01416,                0.00157,                0.26054,                0.89145,              0.0012872,              0.0012872,              0.0012872
                     75,                0.37633,                 0.0438,                 0.0423,                0.28252,                0.91209,                0.99807,                      1,                  0.995,                0.96566,                0.99807,                      1,                  0.995,                  0.995,                0.27933,                0.02187,                0.00369,                0.20981,                0.88437,              0.0012773,              0.0012773,              0.0012773
                     76,                0.35727,                0.03811,                0.04763,                0.28198,                0.88282,                0.99826,                      1,                  0.995,                0.98601,                0.99826,                      1,                  0.995,                  0.995,                0.32335,                 0.0104,                0.00748,                 0.2731,                 0.8826,              0.0012674,              0.0012674,              0.0012674
                     77,                0.35772,                 0.0292,                0.04587,                0.28822,                0.87692,                      1,                      1,                  0.995,                0.95635,                      1,                      1,                  0.995,                  0.995,                0.40444,                0.01689,                 0.0102,                0.28977,                0.88777,              0.0012575,              0.0012575,              0.0012575
                     78,                0.35992,                0.02993,                 0.0418,                0.28043,                0.88795,                 0.9982,                      1,                  0.995,                0.93012,                 0.9982,                      1,                  0.995,                  0.995,                0.33553,                0.02499,                0.02979,                0.25688,                 0.8821,              0.0012476,              0.0012476,              0.0012476
                     79,                0.36284,                0.03829,                0.04075,                0.28135,                0.89263,                 0.9969,                      1,                  0.995,                0.96251,                 0.9969,                      1,                  0.995,                  0.995,                0.30412,                0.01144,                0.02681,                0.21356,                0.88004,              0.0012377,              0.0012377,              0.0012377
                     80,                0.40081,                0.03933,                0.04047,                0.30075,                 0.9038,                      1,                      1,                  0.995,                0.96979,                      1,                      1,                  0.995,                  0.995,                0.34159,                0.00803,                0.00239,                0.26391,                0.87984,              0.0012278,              0.0012278,              0.0012278
                     81,                0.37331,                0.04892,                0.03293,                 0.2872,                0.89696,                      1,                      1,                  0.995,                0.95718,                      1,                      1,                  0.995,                  0.995,                 0.3495,                0.02041,                0.00419,                0.20351,                0.89132,              0.0012179,              0.0012179,              0.0012179
                     82,                0.35556,                0.05558,                 0.0605,                0.27442,                0.88453,                      1,                      1,                  0.995,                0.97263,                      1,                      1,                  0.995,                  0.995,                 0.3063,                0.01495,                0.00117,                0.22551,                0.87821,               0.001208,               0.001208,               0.001208
                     83,                 0.3352,                0.03134,                0.02977,                0.27724,                0.89185,                0.99823,                      1,                  0.995,                 0.9548,                0.99823,                      1,                  0.995,                  0.995,                0.33179,                 0.0225,                0.00172,                0.22929,                0.88524,              0.0011981,              0.0011981,              0.0011981
                     84,                0.38127,                0.04116,                0.03482,                0.28532,                0.90043,                0.99825,                      1,                  0.995,                0.96828,                0.99825,                      1,                  0.995,                  0.995,                0.27903,                0.00878,                0.01123,                0.22326,                0.87596,              0.0011882,              0.0011882,              0.0011882
                     85,                0.36913,                0.04154,                0.04136,                 0.2882,                 0.8956,                      1,                      1,                  0.995,                0.97771,                      1,                      1,                  0.995,                  0.995,                0.28341,                0.01088,                0.02252,                0.23611,                0.87121,              0.0011783,              0.0011783,              0.0011783
                     86,                0.35119,                0.02718,                0.04443,                0.27109,                0.89049,                      1,                      1,                  0.995,                0.97125,                      1,                      1,                  0.995,                  0.995,                0.32787,                0.01844,                0.00761,                0.25911,                0.88228,              0.0011684,              0.0011684,              0.0011684
                     87,                0.33479,                0.04267,                0.04239,                 0.2687,                0.88333,                      1,                      1,                  0.995,                0.98271,                      1,                      1,                  0.995,                  0.995,                0.30347,                0.01575,                0.00565,                0.20232,                0.87845,              0.0011585,              0.0011585,              0.0011585
                     88,                0.37332,                0.02339,                0.03457,                0.28298,                0.89546,                      1,                      1,                  0.995,                0.95739,                      1,                      1,                  0.995,                  0.995,                0.35466,                0.02124,                0.00253,                0.26931,                 0.8845,              0.0011486,              0.0011486,              0.0011486
                     89,                 0.3436,                0.03249,                0.05906,                0.26953,                0.88664,                      1,                      1,                  0.995,                0.97638,                      1,                      1,                  0.995,                  0.995,                 0.2603,                0.01726,                0.00189,                0.25381,                0.87329,              0.0011387,              0.0011387,              0.0011387
                     90,                0.34717,                0.03106,                0.03123,                0.26753,                0.88869,                      1,                      1,                  0.995,                0.97427,                      1,                      1,                  0.995,                  0.995,                0.25847,                0.00715,                0.00269,                0.19461,                0.87506,              0.0011288,              0.0011288,              0.0011288
                     91,                0.34943,                0.05537,                 0.0602,                0.26815,                0.89478,                      1,                      1,                  0.995,                 0.9758,                      1,                      1,                  0.995,                  0.995,                0.30241,                0.00784,                0.00341,                0.24199,                0.87536,              0.0011189,              0.0011189,              0.0011189
                     92,                0.34494,                0.02732,                0.06252,                0.26929,                0.89045,                0.99827,                      1,                  0.995,                0.97338,                0.99827,                      1,                  0.995,                  0.995,                0.29143,                0.01325,                0.00109,                0.19362,                0.87601,               0.001109,               0.001109,               0.001109
                     93,                0.34012,                0.05071,                 0.0561,                0.28611,                0.88068,                0.99523,                      1,                  0.995,                0.96108,                0.99523,                      1,                  0.995,                  0.995,                0.32982,                0.01714,                0.00111,                0.24355,                0.87929,              0.0010991,              0.0010991,              0.0010991
                     94,                0.33837,                0.03283,                0.04718,                0.26559,                0.87886,                0.99823,                      1,                  0.995,                0.98029,                0.99823,                      1,                  0.995,                  0.995,                0.31968,                0.02269,                 0.0037,                0.23783,                0.87237,              0.0010892,              0.0010892,              0.0010892
                     95,                0.33344,                0.02283,                0.05277,                0.25757,                0.88771,                0.99832,                      1,                  0.995,                0.96178,                0.99832,                      1,                  0.995,                  0.995,                0.31529,                0.01584,                0.01802,                0.22946,                0.87592,              0.0010793,              0.0010793,              0.0010793
                     96,                0.33056,                 0.0196,                 0.0339,                0.27507,                0.90521,                      1,                      1,                  0.995,                 0.9916,                      1,                      1,                  0.995,                  0.995,                0.28113,                0.01143,                0.10015,                0.24343,                0.87534,              0.0010694,              0.0010694,              0.0010694
                     97,                0.33142,                0.02514,                0.03616,                0.26731,                0.88854,                      1,                      1,                  0.995,                0.98576,                      1,                      1,                  0.995,                  0.995,                0.23547,                 0.0077,                0.00168,                0.18735,                0.86766,              0.0010595,              0.0010595,              0.0010595
                     98,                0.33739,                0.02608,                0.03156,                 0.2742,                 0.8893,                      1,                      1,                  0.995,                0.96551,                      1,                      1,                  0.995,                  0.995,                0.32908,                0.00715,                0.00772,                0.22128,                0.87541,              0.0010496,              0.0010496,              0.0010496
                     99,                0.35075,                0.02251,                 0.0234,                0.28312,                0.89654,                      1,                      1,                  0.995,                0.96319,                      1,                      1,                  0.995,                  0.995,                0.26016,                0.01509,                0.00946,                0.19298,                 0.8734,              0.0010397,              0.0010397,              0.0010397
                    100,                0.34403,                0.04113,                0.04389,                 0.2736,                0.86961,                      1,                      1,                  0.995,                0.94008,                      1,                      1,                  0.995,                  0.995,                0.43623,                  0.014,                0.00623,                0.27172,                0.88701,              0.0010298,              0.0010298,              0.0010298
                    101,                0.35437,                0.03243,                0.03654,                0.27523,                0.90358,                      1,                      1,                  0.995,                0.98301,                      1,                      1,                  0.995,                  0.995,                0.25125,                0.01658,                0.00085,                0.18413,                0.87306,              0.0010199,              0.0010199,              0.0010199
                    102,                0.33487,                0.03303,                0.02603,                0.26639,                0.89577,                      1,                      1,                  0.995,                0.97717,                      1,                      1,                  0.995,                  0.995,                0.28489,                0.01142,                0.00052,                0.19561,                0.86956,                0.00101,                0.00101,                0.00101
                    103,                0.33422,                 0.0309,                0.05433,                  0.267,                0.88765,                      1,                      1,                  0.995,                0.97734,                      1,                      1,                  0.995,                  0.995,                0.26292,                0.01041,                 0.0004,                0.19949,                0.86938,              0.0010001,              0.0010001,              0.0010001
                    104,                0.34229,                0.02257,                0.03284,                0.26981,                0.88516,                      1,                      1,                  0.995,                0.98674,                      1,                      1,                  0.995,                  0.995,                0.21655,                0.01417,                  0.001,                0.17363,                0.86357,              0.0009902,              0.0009902,              0.0009902
                    105,                0.31123,                0.03013,                0.03745,                0.26475,                0.88378,                 0.9982,                      1,                  0.995,                0.97503,                 0.9982,                      1,                  0.995,                  0.995,                0.29316,                0.01509,                0.00061,                0.20875,                0.87269,              0.0009803,              0.0009803,              0.0009803
                    106,                0.33089,                0.02868,                0.03956,                 0.2558,                0.89345,                      1,                      1,                  0.995,                0.97875,                      1,                      1,                  0.995,                  0.995,                0.23309,                0.00875,                0.00011,                0.19414,                0.86373,              0.0009704,              0.0009704,              0.0009704
                    107,                0.31683,                 0.0189,                 0.0272,                0.24859,                0.87009,                      1,                      1,                  0.995,                  0.995,                      1,                      1,                  0.995,                  0.995,                0.23777,                0.00563,                0.00022,                0.21908,                0.86288,              0.0009605,              0.0009605,              0.0009605
                    108,                0.33066,                0.02032,                0.03212,                0.25341,                 0.8808,                      1,                      1,                  0.995,                 0.9648,                      1,                      1,                  0.995,                  0.995,                0.30036,                0.01534,                0.00191,                0.20248,                0.87938,              0.0009506,              0.0009506,              0.0009506
                    109,                0.31037,                0.01873,                0.02726,                0.25405,                0.87432,                      1,                      1,                  0.995,                0.97516,                      1,                      1,                  0.995,                  0.995,                0.23438,                0.01334,                0.00964,                0.20983,                 0.8658,              0.0009407,              0.0009407,              0.0009407
                    110,                0.32998,                0.01668,                0.02101,                 0.2504,                0.89411,                      1,                      1,                  0.995,                0.95601,                      1,                      1,                  0.995,                  0.995,                0.33307,                0.00835,                0.00688,                0.24296,                0.87699,              0.0009308,              0.0009308,              0.0009308
                    111,                0.32066,                0.02861,                0.02615,                0.25125,                0.90052,                0.99825,                      1,                  0.995,                0.97677,                0.99825,                      1,                  0.995,                  0.995,                0.26082,                0.00869,                0.00119,                0.20144,                0.86804,              0.0009209,              0.0009209,              0.0009209
                    112,                0.29882,                0.02084,                 0.0301,                0.24904,                0.86717,                      1,                      1,                  0.995,                0.96949,                      1,                      1,                  0.995,                  0.995,                0.26655,                0.00714,                0.00045,                0.19907,                0.86734,               0.000911,               0.000911,               0.000911
                    113,                0.30197,                0.01509,                0.03214,                0.23956,                0.86948,                      1,                      1,                  0.995,                0.98525,                      1,                      1,                  0.995,                  0.995,                0.22877,                0.00768,                0.00051,                 0.1863,                0.86582,              0.0009011,              0.0009011,              0.0009011
                    114,                0.29954,                0.01374,                0.01883,                0.24104,                0.86787,                      1,                      1,                  0.995,                0.98137,                      1,                      1,                  0.995,                  0.995,                0.30937,                0.00936,                0.00064,                 0.2287,                0.87121,              0.0008912,              0.0008912,              0.0008912
                    115,                 0.3259,                0.03139,                 0.0446,                0.25677,                0.89135,                      1,                      1,                  0.995,                0.98717,                      1,                      1,                  0.995,                  0.995,                0.27543,                0.00759,                0.00103,                0.19629,                 0.8704,              0.0008813,              0.0008813,              0.0008813
                    116,                0.27749,                0.01357,                0.02854,                0.23779,                0.87569,                      1,                      1,                  0.995,                0.97616,                      1,                      1,                  0.995,                  0.995,                0.22923,                0.00596,                0.00099,                0.16103,                0.86521,              0.0008714,              0.0008714,              0.0008714
                    117,                0.26595,                0.01237,                0.02667,                0.23165,                0.87002,                      1,                      1,                  0.995,                0.99217,                      1,                      1,                  0.995,                  0.995,                0.27609,                0.00517,                0.00135,                0.19676,                0.86735,              0.0008615,              0.0008615,              0.0008615
                    118,                0.28961,                 0.0122,                0.03566,                0.24679,                0.86664,                      1,                      1,                  0.995,                0.99217,                      1,                      1,                  0.995,                  0.995,                0.24432,                0.00395,                0.00267,                0.18597,                0.86547,              0.0008516,              0.0008516,              0.0008516
                    119,                0.31134,                0.02886,                0.03134,                0.25436,                0.87059,                0.99824,                      1,                  0.995,                0.96972,                0.99824,                      1,                  0.995,                  0.995,                0.25659,                0.01231,                0.00376,                0.18441,                0.86657,              0.0008417,              0.0008417,              0.0008417
                    120,                0.31101,                 0.0504,                0.02477,                0.24348,                0.86156,                      1,                      1,                  0.995,                0.94687,                      1,                      1,                  0.995,                  0.995,                0.34459,                0.00783,                0.00134,                0.22452,                0.87212,              0.0008318,              0.0008318,              0.0008318
                    121,                0.29871,                 0.0117,                0.02116,                 0.2334,                0.86822,                0.99821,                      1,                  0.995,                0.98161,                0.99821,                      1,                  0.995,                  0.995,                 0.2555,                0.01286,                0.00141,                0.22645,                0.86516,              0.0008219,              0.0008219,              0.0008219
                    122,                0.28682,                0.01377,                0.04196,                0.22835,                0.86629,                0.99754,                      1,                  0.995,                  0.995,                0.99754,                      1,                  0.995,                  0.995,                0.23514,                0.00846,                0.00079,                0.19791,                  0.865,               0.000812,               0.000812,               0.000812
                    123,                0.29467,                0.02263,                0.02955,                0.22741,                0.87202,                0.99037,                      1,                  0.995,                0.98986,                0.99037,                      1,                  0.995,                  0.995,                0.23248,                 0.0082,                0.00365,                0.21063,                0.86318,              0.0008021,              0.0008021,              0.0008021
                    124,                0.30498,                0.03174,                0.05131,                0.23833,                0.86696,                0.99823,                      1,                  0.995,                0.97442,                0.99823,                      1,                  0.995,                  0.995,                0.25144,                0.00408,                0.00195,                0.18236,                0.86949,              0.0007922,              0.0007922,              0.0007922
                    125,                0.30159,                0.03975,                0.01733,                0.23657,                0.86727,                      1,                      1,                  0.995,                0.98316,                      1,                      1,                  0.995,                  0.995,                0.22229,                0.02178,                0.00196,                  0.189,                0.86451,              0.0007823,              0.0007823,              0.0007823
                    126,                0.29074,                0.01883,                0.03132,                0.23854,                0.87077,                      1,                      1,                  0.995,                0.94795,                      1,                      1,                  0.995,                  0.995,                0.34622,                0.01845,                0.00211,                0.21299,                0.87256,              0.0007724,              0.0007724,              0.0007724
                    127,                0.29847,                0.01484,                0.02329,                0.23644,                0.86742,                      1,                      1,                  0.995,                0.97283,                      1,                      1,                  0.995,                  0.995,                0.23659,                 0.0065,                0.00178,                0.19053,                 0.8568,              0.0007625,              0.0007625,              0.0007625
                    128,                0.28369,                0.01574,                0.01521,                0.22927,                0.86195,                      1,                      1,                  0.995,                0.99341,                      1,                      1,                  0.995,                  0.995,                0.17905,                 0.0056,                 0.0019,                0.16729,                0.85785,              0.0007526,              0.0007526,              0.0007526
                    129,                0.27617,                0.01627,                0.02068,                0.22619,                0.86509,                0.99829,                      1,                  0.995,                  0.995,                0.99829,                      1,                  0.995,                  0.995,                0.20747,                0.01072,                0.00209,                0.18683,                0.86304,              0.0007427,              0.0007427,              0.0007427
                    130,                0.29134,                0.03922,                0.01357,                0.22625,                0.86662,                      1,                      1,                  0.995,                  0.995,                      1,                      1,                  0.995,                  0.995,                0.22386,                0.00848,                0.00264,                0.20006,                0.86193,              0.0007328,              0.0007328,              0.0007328
                    131,                0.28603,                0.01722,                0.03859,                0.23429,                0.86902,                      1,                      1,                  0.995,                  0.995,                      1,                      1,                  0.995,                  0.995,                0.23914,                0.00756,                 0.0029,                  0.169,                0.86661,              0.0007229,              0.0007229,              0.0007229
                    132,                0.28556,                0.01483,                0.04166,                0.23172,                0.86932,                      1,                      1,                  0.995,                0.97725,                      1,                      1,                  0.995,                  0.995,                 0.3287,                0.01492,                0.00193,                0.24579,                0.87254,               0.000713,               0.000713,               0.000713
                    133,                0.27833,                0.02192,                0.04518,                0.23588,                0.86227,                      1,                      1,                  0.995,                0.98634,                      1,                      1,                  0.995,                  0.995,                0.24781,                0.00672,                 0.0016,                0.18412,                0.86138,              0.0007031,              0.0007031,              0.0007031
                    134,                0.27811,                0.02988,                0.02458,                 0.2332,                0.87044,                0.99826,                      1,                  0.995,                  0.995,                0.99826,                      1,                  0.995,                  0.995,                0.19539,                 0.0081,                 0.0011,                0.17555,                0.85975,              0.0006932,              0.0006932,              0.0006932
                    135,                0.27823,                0.01271,                0.03304,                0.23074,                0.86424,                0.99823,                      1,                  0.995,                  0.995,                0.99823,                      1,                  0.995,                  0.995,                0.22817,                0.00388,                0.00064,                0.17561,                 0.8594,              0.0006833,              0.0006833,              0.0006833
                    136,                0.27925,                0.01908,                0.02166,                0.23446,                 0.8724,                0.99829,                      1,                  0.995,                0.98582,                0.99829,                      1,                  0.995,                  0.995,                0.24179,                0.00481,                0.00058,                0.18987,                0.86772,              0.0006734,              0.0006734,              0.0006734
                    137,                0.27814,                0.01187,                0.03215,                0.22957,                0.86763,                0.99798,                      1,                  0.995,                  0.995,                0.99798,                      1,                  0.995,                  0.995,                0.16973,                0.00589,                0.00144,                0.15935,                0.85729,              0.0006635,              0.0006635,              0.0006635
                    138,                0.25669,                0.01154,                0.02038,                0.21678,                0.85979,                0.99776,                      1,                  0.995,                 0.9805,                0.99776,                      1,                  0.995,                  0.995,                0.17205,                0.00841,                0.00326,                0.16522,                0.85928,              0.0006536,              0.0006536,              0.0006536
                    139,                0.26615,                0.01213,                0.03571,                0.22044,                0.86495,                0.99817,                      1,                  0.995,                0.98009,                0.99817,                      1,                  0.995,                  0.995,                0.21039,                 0.0043,                0.00361,                0.14612,                0.86121,              0.0006437,              0.0006437,              0.0006437
                    140,                0.26543,                0.02058,                0.03427,                0.22132,                 0.8609,                      1,                      1,                  0.995,                  0.995,                      1,                      1,                  0.995,                  0.995,                 0.2027,                0.00984,                0.00209,                0.15771,                0.86003,              0.0006338,              0.0006338,              0.0006338
                    141,                 0.2529,                0.01235,                0.01993,                0.21236,                0.86955,                      1,                      1,                  0.995,                0.99217,                      1,                      1,                  0.995,                  0.995,                0.20922,                 0.0055,                0.00148,                0.16907,                0.86086,              0.0006239,              0.0006239,              0.0006239
                    142,                0.26123,                0.01558,                0.02443,                0.22006,                0.85376,                      1,                      1,                  0.995,                  0.995,                      1,                      1,                  0.995,                  0.995,                 0.2201,                0.00641,                0.00131,                 0.1771,                0.85994,               0.000614,               0.000614,               0.000614
                    143,                0.27569,                0.01204,                0.02285,                0.21854,                0.86613,                      1,                      1,                  0.995,                  0.995,                      1,                      1,                  0.995,                  0.995,                0.24761,                0.00573,                0.00053,                  0.205,                0.86417,              0.0006041,              0.0006041,              0.0006041
                    144,                0.28325,                0.01465,                0.02895,                0.22775,                0.85664,                      1,                      1,                  0.995,                0.98861,                      1,                      1,                  0.995,                  0.995,                0.23157,                0.00708,                0.00067,                0.17562,                0.86066,              0.0005942,              0.0005942,              0.0005942
                    145,                0.26828,                0.01295,                0.02393,                 0.2192,                0.85626,                      1,                      1,                  0.995,                  0.995,                      1,                      1,                  0.995,                  0.995,                0.18476,                0.00515,                0.00078,                0.15514,                0.85718,              0.0005843,              0.0005843,              0.0005843
                    146,                0.27283,                0.01664,                0.01977,                0.21918,                0.85987,                      1,                      1,                  0.995,                0.98885,                      1,                      1,                  0.995,                  0.995,                0.24929,                0.00502,                0.00058,                0.18207,                0.86883,              0.0005744,              0.0005744,              0.0005744
                    147,                0.26231,                0.01133,                0.02102,                0.21731,                0.85789,                      1,                      1,                  0.995,                0.99131,                      1,                      1,                  0.995,                  0.995,                0.20237,                0.00631,                0.00116,                0.15812,                0.85907,              0.0005645,              0.0005645,              0.0005645
                    148,                0.26346,                0.02614,                0.02398,                0.21886,                0.85538,                      1,                      1,                  0.995,                0.99052,                      1,                      1,                  0.995,                  0.995,                0.16873,                0.01218,                0.00103,                0.15913,                0.85899,              0.0005546,              0.0005546,              0.0005546
                    149,                0.25742,                0.02549,                0.02977,                 0.2184,                0.85738,                      1,                      1,                  0.995,                0.99052,                      1,                      1,                  0.995,                  0.995,                0.16548,                0.00918,                0.00071,                0.14293,                0.85966,              0.0005447,              0.0005447,              0.0005447
                    150,                0.24809,                0.01692,                0.01493,                0.21666,                 0.8602,                      1,                      1,                  0.995,                0.99064,                      1,                      1,                  0.995,                  0.995,                0.20386,                0.01037,                0.00083,                0.15747,                 0.8596,              0.0005348,              0.0005348,              0.0005348
                    151,                0.24633,                0.01026,                0.02232,                0.21006,                0.85164,                      1,                      1,                  0.995,                0.99107,                      1,                      1,                  0.995,                  0.995,                0.17103,                0.00779,                0.00149,                0.14655,                0.85853,              0.0005249,              0.0005249,              0.0005249
                    152,                0.24656,                0.01569,                0.02332,                0.20688,                0.85838,                      1,                      1,                  0.995,                0.99274,                      1,                      1,                  0.995,                  0.995,                0.16788,                0.00579,                0.00283,                0.14184,                0.85771,               0.000515,               0.000515,               0.000515
                    153,                0.26091,                0.01515,                  0.028,                0.21678,                0.85885,                      1,                      1,                  0.995,                0.99241,                      1,                      1,                  0.995,                  0.995,                0.20474,                  0.008,                0.00114,                0.14431,                0.85842,              0.0005051,              0.0005051,              0.0005051
                    154,                0.25461,                0.01391,                0.03089,                0.21028,                 0.8484,                      1,                      1,                  0.995,                  0.995,                      1,                      1,                  0.995,                  0.995,                 0.2088,                0.00737,                0.00033,                0.16636,                0.86481,              0.0004952,              0.0004952,              0.0004952
                    155,                0.24448,                0.00968,                0.02411,                0.21491,                0.84427,                      1,                      1,                  0.995,                0.98985,                      1,                      1,                  0.995,                  0.995,                0.20507,                0.01583,                0.00025,                 0.1432,                0.85971,              0.0004853,              0.0004853,              0.0004853
                    156,                0.24935,                0.00899,                0.02371,                0.19868,                0.86344,                      1,                      1,                  0.995,                  0.995,                      1,                      1,                  0.995,                  0.995,                0.28133,                0.00445,                0.00046,                 0.1859,                0.86733,              0.0004754,              0.0004754,              0.0004754
                    157,                0.26332,                0.00972,                0.01724,                0.20855,                0.86089,                      1,                      1,                  0.995,                0.98681,                      1,                      1,                  0.995,                  0.995,                0.30027,                0.00702,                0.00137,                0.19018,                0.87024,              0.0004655,              0.0004655,              0.0004655
                    158,                0.25581,                0.01165,                 0.0206,                0.20817,                0.86603,                      1,                      1,                  0.995,                  0.995,                      1,                      1,                  0.995,                  0.995,                0.19329,                0.00514,                0.00369,                0.14855,                0.85895,              0.0004556,              0.0004556,              0.0004556
                    159,                  0.251,                0.01915,                0.03213,                0.21073,                0.85455,                      1,                      1,                  0.995,                  0.995,                      1,                      1,                  0.995,                  0.995,                0.15691,                0.00399,                0.00339,                0.13862,                0.85656,              0.0004457,              0.0004457,              0.0004457
                    160,                0.26223,                 0.0275,                0.03542,                0.20957,                0.86708,                      1,                      1,                  0.995,                  0.995,                      1,                      1,                  0.995,                  0.995,                0.15859,                0.00371,                0.00093,                0.14065,                0.85607,              0.0004358,              0.0004358,              0.0004358
                    161,                0.23789,                0.01293,                0.04211,                0.19406,                0.84434,                      1,                      1,                  0.995,                  0.995,                      1,                      1,                  0.995,                  0.995,                0.17589,                0.00412,                0.00027,                0.14957,                0.85835,              0.0004259,              0.0004259,              0.0004259
                    162,                0.25214,                0.00992,                0.01378,                0.20838,                0.85489,                      1,                      1,                  0.995,                  0.995,                      1,                      1,                  0.995,                  0.995,                0.18401,                 0.0037,                0.00023,                0.14396,                0.86037,               0.000416,               0.000416,               0.000416
                    163,                0.23382,                0.01435,                0.03113,                0.19736,                0.84303,                0.99828,                      1,                  0.995,                0.99078,                0.99828,                      1,                  0.995,                  0.995,                0.23772,                 0.0062,                0.00021,                0.17546,                0.86369,              0.0004061,              0.0004061,              0.0004061
                    164,                0.25033,                0.01207,                0.04104,                0.20118,                0.85836,                      1,                      1,                  0.995,                0.99097,                      1,                      1,                  0.995,                  0.995,                0.20057,                0.00612,                0.00063,                0.14473,                0.85684,              0.0003962,              0.0003962,              0.0003962
                    165,                0.24632,                 0.0252,                0.03463,                0.19738,                0.86781,                      1,                      1,                  0.995,                0.99052,                      1,                      1,                  0.995,                  0.995,                0.17693,                 0.0076,                0.00063,                0.13919,                 0.8558,              0.0003863,              0.0003863,              0.0003863
                    166,                0.23861,                0.00902,                0.02262,                0.19501,                0.85323,                      1,                      1,                  0.995,                  0.995,                      1,                      1,                  0.995,                  0.995,                0.16957,                0.00647,                0.00056,                0.15381,                0.85526,              0.0003764,              0.0003764,              0.0003764
                    167,                0.25135,                 0.0078,                 0.0165,                0.20289,                0.86183,                      1,                      1,                  0.995,                0.99297,                      1,                      1,                  0.995,                  0.995,                0.22285,                0.00586,                0.00067,                0.15843,                0.86057,              0.0003665,              0.0003665,              0.0003665
                    168,                0.24326,                0.01127,                0.02251,                0.19672,                 0.8472,                      1,                      1,                  0.995,                  0.995,                      1,                      1,                  0.995,                  0.995,                0.16217,                0.00525,                0.00085,                0.13355,                0.85599,              0.0003566,              0.0003566,              0.0003566
                    169,                0.23547,                0.02901,                0.02016,                0.19811,                0.84987,                      1,                      1,                  0.995,                0.99084,                      1,                      1,                  0.995,                  0.995,                0.15954,                0.00548,                0.00121,                0.14324,                0.85456,              0.0003467,              0.0003467,              0.0003467
                    170,                0.23581,                0.01009,                0.04369,                0.20049,                0.85202,                      1,                      1,                  0.995,                  0.995,                      1,                      1,                  0.995,                  0.995,                 0.1362,                0.00448,                0.00051,                0.14284,                 0.8524,              0.0003368,              0.0003368,              0.0003368
                    171,                0.22741,                0.01254,                0.02868,                0.18763,                0.85753,                      1,                      1,                  0.995,                  0.995,                      1,                      1,                  0.995,                  0.995,                0.14699,                0.00363,                0.00052,                0.13354,                0.85398,              0.0003269,              0.0003269,              0.0003269
                    172,                0.22633,                 0.0137,                0.03365,                0.19897,                0.85717,                      1,                      1,                  0.995,                  0.995,                      1,                      1,                  0.995,                  0.995,                0.15983,                0.00378,                0.00092,                0.15282,                0.85558,               0.000317,               0.000317,               0.000317
                    173,                0.22357,                0.00782,                  0.033,                0.19586,                0.86362,                      1,                      1,                  0.995,                  0.995,                      1,                      1,                  0.995,                  0.995,                0.17743,                0.00552,                0.00161,                0.15168,                0.85638,              0.0003071,              0.0003071,              0.0003071
                    174,                0.22334,                0.00935,                0.02175,                0.18887,                0.85012,                      1,                      1,                  0.995,                  0.995,                      1,                      1,                  0.995,                  0.995,                0.16606,                0.00609,                0.00218,                 0.1454,                0.85636,              0.0002972,              0.0002972,              0.0002972
                    175,                0.22717,                0.00996,                0.02917,                0.19346,                0.84776,                      1,                      1,                  0.995,                  0.995,                      1,                      1,                  0.995,                  0.995,                0.16741,                0.00529,                0.00284,                0.14284,                0.85743,              0.0002873,              0.0002873,              0.0002873
                    176,                0.22329,                0.02113,                0.01981,                0.18782,                0.85797,                      1,                      1,                  0.995,                  0.995,                      1,                      1,                  0.995,                  0.995,                0.15675,                0.00429,                0.00196,                0.14224,                0.85592,              0.0002774,              0.0002774,              0.0002774
                    177,                0.20984,                 0.0121,                0.01819,                 0.1875,                0.84638,                      1,                      1,                  0.995,                  0.995,                      1,                      1,                  0.995,                  0.995,                0.16678,                0.00373,                0.00061,                 0.1695,                0.85341,              0.0002675,              0.0002675,              0.0002675
                    178,                0.21909,                0.00818,                0.01217,                0.18731,                0.84333,                      1,                      1,                  0.995,                0.99274,                      1,                      1,                  0.995,                  0.995,                0.18351,                0.00455,                0.00026,                0.17716,                0.85503,              0.0002576,              0.0002576,              0.0002576
                    179,                0.21118,                0.00799,                0.01992,                 0.1783,                0.84417,                      1,                      1,                  0.995,                  0.995,                      1,                      1,                  0.995,                  0.995,                0.14827,                0.00361,                0.00023,                0.15034,                0.85362,              0.0002477,              0.0002477,              0.0002477
                    180,                0.21272,                0.01588,                0.02387,                0.17982,                0.85196,                      1,                      1,                  0.995,                0.98824,                      1,                      1,                  0.995,                  0.995,                0.29789,                 0.0036,                0.00029,                0.18984,                0.86798,              0.0002378,              0.0002378,              0.0002378
                    181,                0.21445,                0.01305,                0.01873,                0.18315,                0.83797,                      1,                      1,                  0.995,                  0.995,                      1,                      1,                  0.995,                  0.995,                0.16986,                0.00469,                0.00034,                0.15915,                0.86028,              0.0002279,              0.0002279,              0.0002279
                    182,                0.20717,                 0.0089,                 0.0379,                0.17666,                0.84545,                      1,                      1,                  0.995,                  0.995,                      1,                      1,                  0.995,                  0.995,                0.14374,                0.00533,                0.00029,                0.13728,                0.85807,               0.000218,               0.000218,               0.000218
                    183,                0.21491,                 0.0077,                0.01944,                0.17754,                0.84281,                      1,                      1,                  0.995,                0.99174,                      1,                      1,                  0.995,                  0.995,                0.24947,                0.00418,                0.00033,                0.19174,                0.86455,              0.0002081,              0.0002081,              0.0002081
                    184,                0.20913,                0.00738,                0.02114,                0.18314,                0.84679,                      1,                      1,                  0.995,                  0.995,                      1,                      1,                  0.995,                  0.995,                0.14724,                0.00357,                0.00054,                0.13493,                0.85444,              0.0001982,              0.0001982,              0.0001982
                    185,                0.22148,                0.00823,                0.02195,                 0.1788,                0.85859,                      1,                      1,                  0.995,                  0.995,                      1,                      1,                  0.995,                  0.995,                0.15796,                0.00318,                0.00077,                0.12805,                0.85588,              0.0001883,              0.0001883,              0.0001883
                    186,                0.21526,                0.00685,                0.02622,                0.18009,                 0.8497,                      1,                      1,                  0.995,                  0.995,                      1,                      1,                  0.995,                  0.995,                0.14397,                0.00308,                0.00072,                0.12723,                0.85655,              0.0001784,              0.0001784,              0.0001784
                    187,                0.20631,                0.00554,                 0.0117,                0.17467,                0.85241,                      1,                      1,                  0.995,                  0.995,                      1,                      1,                  0.995,                  0.995,                0.14673,                0.00384,                0.00066,                0.12854,                0.85432,              0.0001685,              0.0001685,              0.0001685
                    188,                0.22122,                0.00698,                0.01579,                0.17838,                0.85335,                      1,                      1,                  0.995,                  0.995,                      1,                      1,                  0.995,                  0.995,                0.15244,                0.00383,                0.00061,                 0.1319,                0.85493,              0.0001586,              0.0001586,              0.0001586
                    189,                0.20901,                0.01227,                0.00886,                0.18024,                0.85871,                      1,                      1,                  0.995,                  0.995,                      1,                      1,                  0.995,                  0.995,                0.17456,                0.00289,                0.00063,                0.13485,                0.85728,              0.0001487,              0.0001487,              0.0001487
                    190,                0.19536,                0.00652,                0.00702,                0.16821,                0.84052,                      1,                      1,                  0.995,                  0.995,                      1,                      1,                  0.995,                  0.995,                0.14692,                 0.0038,                0.00061,                0.12176,                0.85473,              0.0001388,              0.0001388,              0.0001388
                    191,                0.18309,                0.00991,                0.04379,                0.16518,                0.79576,                      1,                      1,                  0.995,                  0.995,                      1,                      1,                  0.995,                  0.995,                0.18566,                0.00672,                0.00105,                0.13873,                 0.8542,              0.0001289,              0.0001289,              0.0001289
                    192,                0.19656,                0.00753,                0.05913,                0.15935,                0.80913,                0.99829,                      1,                  0.995,                0.99197,                0.99829,                      1,                  0.995,                  0.995,                0.21412,                0.00611,                0.00132,                 0.1721,                0.85401,               0.000119,               0.000119,               0.000119
                    193,                0.19117,                0.00635,                0.03318,                0.15554,                0.80154,                 0.9983,                      1,                  0.995,                  0.995,                 0.9983,                      1,                  0.995,                  0.995,                0.14254,                0.00317,                 0.0017,                0.13889,                0.85262,              0.0001091,              0.0001091,              0.0001091
                    194,                0.18078,                0.00541,                0.02487,                0.14831,                0.79401,                0.99827,                      1,                  0.995,                  0.995,                0.99827,                      1,                  0.995,                  0.995,                0.13883,                0.00327,                0.00144,                0.13562,                0.85343,               9.92e-05,               9.92e-05,               9.92e-05
                    195,                0.18183,                0.00579,                0.03953,                0.14879,                0.78989,                 0.9983,                      1,                  0.995,                  0.995,                 0.9983,                      1,                  0.995,                  0.995,                0.13911,                0.00365,                0.00112,                0.14587,                0.85114,               8.93e-05,               8.93e-05,               8.93e-05
                    196,                0.18153,                0.00639,                0.05263,                0.14909,                0.78851,                 0.9983,                      1,                  0.995,                0.99058,                 0.9983,                      1,                  0.995,                  0.995,                0.14472,                0.00434,                0.00065,                0.16031,                0.84985,               7.94e-05,               7.94e-05,               7.94e-05
                    197,                0.18311,                0.00626,                0.02229,                0.14827,                 0.7847,                0.99827,                      1,                  0.995,                  0.995,                0.99827,                      1,                  0.995,                  0.995,                0.15191,                0.00485,                0.00052,                0.14069,                0.85334,               6.95e-05,               6.95e-05,               6.95e-05
                    198,                0.18055,                 0.0072,                0.04338,                0.15241,                0.78428,                 0.9983,                      1,                  0.995,                  0.995,                 0.9983,                      1,                  0.995,                  0.995,                0.15419,                0.00511,                0.00059,                0.13058,                0.85375,               5.96e-05,               5.96e-05,               5.96e-05
                    199,                0.17266,                0.00573,                0.02631,                0.14505,                0.78507,                 0.9983,                      1,                  0.995,                  0.995,                 0.9983,                      1,                  0.995,                  0.995,                0.14694,                0.00537,                0.00083,                0.12115,                0.85437,               4.97e-05,               4.97e-05,               4.97e-05
                    200,                0.17365,                0.00523,                0.04024,                0.14685,                0.80039,                      1,                      1,                  0.995,                  0.995,                      1,                      1,                  0.995,                  0.995,                0.14421,                0.00446,                0.00075,                0.12315,                0.85469,               3.98e-05,               3.98e-05,               3.98e-05
